Name,email_address,experience
Vishal,Vishal@gmail.com,"Java,Javascript,NodeJS,C++"
Ravi,Ravi@gmail.com,"MongoDB,Dart,Wordpress,Flutter"
Kishor,Kishor@gmail.com,"Java,NodeJS,Flutter,MernStack"
Gautam,Gautam@gmail.com,"Javascript,C++,MernStack,Python"
Chandan,Chandan@gmail.com,"Java,Dart,Wordpress,MernStack"
Raju,Raju@gmail.com,"MongoDB,NodeJS,C++,Python"
Rahul ,Rahul @gmail.com,"Javascript,C++,Flutter,MernStack,Python"
Karthik,Karthik@gmail.com,"Java,Dart,Wordpress,Python"
Ritik,Ritik@gmail.com,"MongoDB,NodeJS,Flutter,Python"
Gunjan,Gunjan@gmail.com,"Javascript,C++,MernStack,MernStack"
Shweta,Shweta@gmail.com,"Java,Javascript,NodeJS,MernStack"
Shikha,Shikha@gmail.com,"MongoDB,Dart,C++,Flutter,Python"
Sakshi,Sakshi@gmail.com,"Java,Javascript,Flutter,MernStack"
Sonam,Sonam@gmail.com,"MongoDB,Wordpress,NodeJS,C++"
